,text,label
0,Need Help Urgently,bearish
1,Increase of Flexible CAKE APY,neutral
2,你是否将你的CRV锁定4年,bearish
3,Help me I got a lot of problems but you can solve it,bullish
4,Proposal to reduce Farm Emissions for BNB Chain PancakeSwap v3,neutral
5,Curve Finance 上的部分池子是否应该提高以代币形式的奖励数量,bullish
6,Activate Sourcecred Program,bearish
7,Cross chain Cake,bullish
8,2024 CRV Price Prediction 2024 CRV价格预测,neutral
9,Stake cake to earn My DeFi Pet Dpet dpetbnb to earn cake,neutral
10,考虑到defi的巨大发展你是否支持curve空投,bullish
11,BIP264 Proposal to engage Smart Contract audit through Balancer OpCo Limited,neutral
12,Do we need new proposals,bullish
13,Do you want curve add POAPs for snapshot voting,bullish
14,AIP408 Q2Q3 2024 Governance Working Group Budget,neutral
15,ARFC Add gmBTC on Arbitrum V3,bullish
16,Add a multilevel referral system,bullish
17,AIP119 Commercialize your NFTs on IRL Wine WINE3 X BAYC LimitedEdition Wine Drop  Ecosystem Fund Allocation,neutral
18,BIP 69 c Emissions Q4 mStable,bullish
19,Increase AUTOCAKE staking APY rewards,bearish
20,AIP308 Establish an Ombud for the DAO,neutral
21,Proposal to Boost the SFUNDBNB farm and a New Syrup Pool,neutral
22,Set up Balancer Smart Pool as DAO Treasury,bearish
23,Help me,bearish
24,ARC Enable sUSD as Collateral on AAVE V3 on Optimism with a 10 million sUSD Supply cap,bearish
25,Need help,bearish
26,BIP 70  CVX pt II Locking  Delegation Incentives,neutral
27,Burn Cake to Create a Proposal,bearish
28,how much is it a cake should be,bearish
29,Proposal BAL for Gas  Replenish Budget w 50000 BAL,bullish
30,ARC  Add DPI as Collateral on the AAVE ARC market,bullish
31,AIP280 Exploring New Frontiers Bring ApeCoin Ape into the Mobile Gaming World,bullish
32,AIP246 Working Group Charter  Marketing  Communications,bullish
33,Initiate Supply feature of projects,neutral
34,Temperature Check  GRANT REQUEST pZEIP1_M2 BundleSwapFeature 31Third,bullish
35,Pancakeswap增加链上代币授权查询解除授权功能,neutral
36,Shidcon Of The Year,neutral
37,Deploy Aave on Cronos chain,bearish
38,Is the economic model of the cake still sustainable and empowering,bullish
39,how about swap token without gas,bearish
40,Save CAKE ,bearish
41,BIP408 Change Passive Fee Distribution,neutral
42,AIP288 Adopt Shielded Snapshot Voting for Elections and AIPs,bullish
43,Proposal for a Splinterlands Syrup Pool and Farm,neutral
44,Sell ad space on pcs,bullish
45,ARFC Addendum Update Asset Onboarding Framework,neutral
46,Squad staking,bullish
47,Increase cake burn capacity to atleast 50 injections,neutral
48,Cut inflation and rewards in half NOW,neutral
49,Speed up page loading,bearish
50,Proposal for Adjusting Outer Ring MMOs GQ Liquidity Pair for Farm Rewards,neutral
51,ARC Add support for BTCb Native Bitcoin bridged to Avalanche,bullish
52,Add MAI to Aave V3 on Polygon Fantom and Avalanche,bullish
53,Syrup Pools for BTT and WIN  farming,neutral
54,BIP609 Enable Gauge for wrsETHWETH Optimism,neutral
55,Блинная масленица в России,neutral
56,Question,bearish
57,Raising money for mom,neutral
58,PancakeSwap Casino,bullish
59,More Passive Income from Pool with balanced stable Supply,bullish
60,ARFC Orbit Program Renewal May 2024,bullish
61,CIP20  Add a Performance Weighted Gauge,bearish
62,LayerZero Aridrop  win 50 cake,neutral
63,BIP2 Allowlist GnosisDAOs treasury in VotingEscrow,bearish
64,Add stMATIC to Aave V3 Polygon Market,bearish
65,sCIP36 Add CRVsCRV Pool,bearish
66,Need some CAKE,bearish
67,To have an Make Offer Button in the PancakeSwap NFT Marketplace,bullish
68,Proposal for a Project Galaxy GAL Syrup Pool and Farm,neutral
69,AIP325 ApecoinDAO  Mocaverse CrossCommunity Spaces  Reward Vault,neutral
70,should cake be airdropped to dao voters,neutral
71,Cake or Uni,bullish
72,Should Aave V3 be released,neutral
73,Deploy the VAI PEG Stability module and Supply Liquidity to PancakeSwap for the VAIUSDT Pair,bullish
74,BIP3 Allocate BAL towards EthereumOptimism Bridge Liquidity,bearish
75,NEW CHEF PROPOSAL,bearish
76,I lost my money in crypto,neutral
77,Proposal for APX Finance ALP Syrup Pool on opBNB,bullish
78,Enable COWWETH 5050 veBAL Gauge,bearish
79,Will you buy more CAKE in 2023,neutral
80,Proposal to Boost the THGBNB farm and a New Syrup Pool,neutral
81,BIP505 Enable 40DFX20USDC40TEL Gauge with 2 emissions cap,neutral
82,BIP 86 Change and ratify Badger Council Membership,bearish
83,Super monthly Lottery,bullish
84,약세장이 오면 CRV를 계속 보유할 것입니까,bullish
85,Allow users to unlock their CAKE at 20 penalty,bullish
86,sCIP2  Utilizing the Community Fund,bearish
87,CIP21  Add mUSD Metapool,bearish
88,sCIP16  Adding a aDai aSUSD Pool,bullish
89,BIP126 Whitelist Fjords Gnosis Safe for Balancers VotingEscrow,bullish
90,cake to 20 lesgo,bullish
91,ARFC Reset Aave v3 Deployment Pipeline,neutral
92,BIP374 Enable DUSDBoosted Aave v3 USD Gauge Ethereum,neutral
93,Add a mBTC WBTC Metapool,bearish
94,syrup pools  cake locked  52weeks  when extending  or adding cake,bearish
95,Will CAKE ever return to 10,bullish
96,Proposal Increase AAVE capTier from cap4 to cap5 30M  100M,bearish
97,Cake Holders Reward,bearish
98,I want to live in a workd of magic,neutral
99,new proposal,bullish
100,Btc 39800 ,neutral
101,urgent help,neutral
102,ARFC Onboard weETH to Aave v3 on Ethereum,bullish
103,Raise minimum AAVE holding to create a snapshot proposal to 50 AAVE,neutral
104,zksync big airdrop,neutral
105,Proposal Allocate BAL to AAVEWETH Stakers,bearish
106,Help me I got a lot of problems but you can solve it I HAVE LOCKED 76000 IM NOT BEGGAR,bullish
107,ARFC Onboard artMETIS to Aave V3 on Metis Market,bearish
108,AIP36 Guy Oseary as ApeCoin Representative  Ecosystem Fund Allocation,bullish
109,Launch Curve on Harmony,bearish
110,Proposal for an ApolloX APX Syrup Pool and Farm,neutral
111,BIP5 Tribe DAO Unclaimed BAL Rewards,bearish
112,BIP 80 b Yearly Reassessment,bearish
113,CAKE BACK TO 05,bullish
114,crv准备拿到下个牛市吗,bullish
115,Making a Pancakeswap commercial to attract more userd,neutral
116,BIP 66 a Revise DIGG Emissions fund KPI Options Establish Treasury Controlled Liquidity for DIGG,neutral
117,Withdraw Locked CAKE early,neutral
118,Proposal to Upgrade Meta Apess PEEL Liquidity Pair for Farm Rewards from v2 to v3,bearish
119,ARFC  Remove ARB from Isolation mode on Arbitrum Market,bearish
120,CROXBNB Farm  Syrup pool,neutral
121,Which chain do you like,bullish
122,Medical help,bearish
123,BIP 82 a Emissions Q1 2022,bearish
124,Make Prediction MORE Fun,bullish
125,Play card games with cake like poker,bearish
126,DFDBUSD,bearish
127,100 Trading Fees Should Be Used To Burn CAKE ,bullish
128,burn more cake  pump the price,bullish
129,UADP Team Election,neutral
130,Pensezvous que Curve devrait ajuster son offre totale de jetons ,bearish
131,TEXT COUNT TEST  Lorem ipsum dolor sit amet consectetur adipiscing elit sed do eiusmamet,bullish
132,Syrian refugees help,bearish
133,Syrop pool only for burn or donate ,neutral
134,穿越回2008年你会买BTC,neutral
135,Is cake going to be CUSDCake Usd,bearish
136,Where is the rise in the price of the token Prohibit unlocking coins in 2023,bearish
137,BIP348 Ecosystem ONsite Proposal Q4 2023,neutral
138,Add Empty Set Dollar ESD3pool Metapool,bullish
139,Setup free NFT Profile,neutral
140,Suspend Q2 XVS Burn,bullish
141,Proposal Removal of established cranial follicles fund,neutral
142,Eth or Other,neutral
143,AIP103 Ape Worlds Shooter Edition  Ecosystem Fund Allocation,bullish
144,Is cake a value investment,neutral
145,CAKE now a stakeable asset on the best noncustodial zero risk staking platform with 16 APY,neutral
146,Artillery bombardment victim,neutral
147,cake up,bearish
148,Do you think the price of CAKE will exceed 10 by the end of the year,bullish
149,Proposal for a Fuse Network FUSE Syrup Pool and Farm,bearish
150,Allocate BAL to a Ribbon Finance Vault,neutral
151,Proposal to Cap CAKE Token Supply at a Maximum of 750000000 CAKE,bearish
152,Proposal for DexCheck DCK Syrup Pool and Farms,neutral
153,BIP443 Restore Brand Trust in Balancer by Assisting DNS Hack Users,neutral
154,提议对AAVE持有人进行追溯空投,bullish
155,Proposal for Era7 Game of Truth ERA IFO to be Hosted on PancakeSwap,neutral
156,What about CAKE swap fees,neutral
157,Proposal To Improve Governance Discussion and voting processes with Commonwealth,neutral
158,BIP 68 ibBTC Yield Retention Model,bullish
159,cake keeps falling why,bearish
160,CRV vatil atteindre ATL en 2022 ,bullish
161,AIP7 Restructuring the Forum Categories  Informational,bullish
162,BIP186 Enable TUSDbbeUSD Gauge Ethereum,neutral
163,AIP429 Apechain for Good Happy Ape Phygital Childrens BookPlush,bearish
164,AIP346 Monthly Laughing Ape StandUp Comedy Show Utility for all APE Holders,neutral
165,Add Login With spaceid as an option to the wallet connect dialog of the cake app,neutral
166,BIP411 Enable GHOUSDTUSDC Gauge Ethereum,neutral
167,AIP13 APE FOUNDATION Merch  Top Drawer  Ecosystem Fund Allocation,bearish
168,Do not click on the Arbitrum links,bearish
169,Sport prediction game,bearish
170,CAKE BARROW FUND,neutral
171,Le prix du crv franchiratil 23 avant 2022 ,bearish
172,Donate 1 cake,bearish
173,Drop Some NFTs,bullish
174,Shall we raise the threshold to raise new protocal,neutral
175,ARFC Onboard wbETH to Aave v3 BNB Chain,bearish
176,Make Syrup Pools Twice as long with Half the APR,bearish
177,Do you expect the pancake exchange to offer trading to mainland users after the end of the year,bearish
178,Add a new base pool implementation as an alternative to 3Pool DAIUSDCUSDT,neutral
179,Should Uniswap governance contribute funding to the Nomic Foundation,bearish
180,ARC Whitelist Connext for V3 Portals,bearish
181,Proposal to Boost the HIGHBUSD farm and a New Syrup Pool,bullish
182,Do you like CAKE,bullish
183,AIP173 Add new Discourse Category for Administrative Review,bullish
184,Proposal Extend the Exchange Gas Reimbursement Program 4 Weeks,bearish
185,持有crv是否应该加大空投福利,bullish
186,Enable MaticMaticX Gauge Polygon,bearish
187,Delete all Proposals that wiuth referal codes,bearish
188,CAKE Tokenomics v25 Totally ok but in 1 year,bearish
189,quality improvement proposal,bullish
190,Governance Process Revamp 20,bullish
191,BIP122 Retire OHMDAIWETH Gauge  Add OHMETH  OHMDAI Gauges Ethereum,bullish
192,If a new issue of IFO starts will you still participate,bearish
193,Can the coin price reach 50U before the end of the year,bearish
194,Create a mobile app to connect new users more,neutral
195,BIP345 Enable wstETHWETH Gauge Optimism,neutral
196,STAKE CAKE EARN EGLD,bullish
197,Proposal SourceCred Engagement Incentives,neutral
198,Curve Finance好用吗,bullish
199,Increase unstaking fee time in the syrup pools,bullish
200,Proposal to migrate Snapshot voting space to cakevoteeth,bullish
201,cake to 100 in next bull run,bullish
202,Allowlist Aura Finance in Balancer VotingEscrow,bearish
203,pour ce prix maintenant achèteriezvous la trempette,bullish
204,Proposal to Upgrade Magpies MGP Liquidity Pair for Farm Rewards from v2 to v3,bearish
205,NFT for quality proposal,neutral
206,ARC Extend the Safety Module Protection to Aave V2 Avalanche,bullish
207,I love cake Do you love cake,neutral
208,AIP454 The BANANA Bill Apes Gotta Eat,neutral
209,ARC Add alUSD as a Borrowable Asset to Aave V2,bearish
210,AIP339 ApeCoin AI Remix Contest,neutral
211,ARFC Chaos Labs  Aave Risk Management  Renewal,neutral
212,BIP16 Update DAO Multisig Replacement List,bullish
213,Proposal for a PearDAO PEX Syrup Pool and Farm,bullish
214,PancakeSwap Freelance,neutral
215,Pancake use is multiple for ZRO airdrop,neutral
216,BIP17 Request BAL from treasury for June 2022 Balaries,bullish
217,Temperature Check  GRANT REQUEST 0x Community Subgraph,bullish
218,Add BTC Syrup pool,bearish
219,Events and parties in our community for bunnies only active profile,neutral
220,AIP394 Bored Brewing Beer Co Resubmission,bearish
221,TİTANO,bullish
222,AIP413 Hire a Head of Network Development at the APE Foundation,bearish
223,Request for Approval Bounty on fallback oracle misconfiguration,bearish
224,Fund BalancerDAO for Q2 2022,neutral
225,BIP659 Enable Gauge for rsETHWETH on Ethereum Mainnet,neutral
226,Are you pinka,bullish
227,Vote giúp mình nha,neutral
228,BTC 50K 01012024,bullish
229,BIP616 Enable gauge for sDAIaUSDC Rehype pool Gnosis,neutral
230,PancakeSwap Game,bearish
231,AMPL interest rate curve adjustment,bearish
232,Increase Burn of cake,neutral
233,AIP230 I dont hate apes I just want them to fund public goods,neutral
234,ARC Aave Ethereum V3 market initial onboarded assets,bullish
235,AIP66 ApeCoin Newsletter  Ecosystem Fund Allocation,bullish
236,BIP15 Enable FIATUSDCDAI Stableswap Gauge Ethereum,bullish
237,Onboard Fire Eyes DAO as Strategic Partner,neutral
238,Should nine 9 total risk parameters across seven 7 Aave V2 assets be updated,bullish
239,Desperately need help,neutral
240,Proposal to Upgrade UniWhales UNW Liquidity Pair for Farm Rewards from v2 to v3,bearish
241,BIP400 Enable WMATICMaticX Gauge w 10 cap Polygon,bearish
242,AIP87 NFT  IP Marketplace  Yuga Labs  Otherside Partner NFT Collections  Ecosystem Fund Allocation,bullish
243,Metacake map and land selling,bearish
244,Proposal for Adding CAKE Allocation to Bootstrap opBNB Liquidity,bullish
245,If community autonomy can be achieved,neutral
246,ARFC Ethereum v2 Reserve Factor Adjustment,bullish
247,Curve是否应该增加流动资金池除了已经增加的CompoundUSDTYPaxRenBUSDsUSDhbrcsbtc和3pool,bullish
248,AIP275 Understanding and Improving the Governance Participation in ApeCoin DAO,bullish
249,I take donations,bullish
250,Price nfts in cake,bearish
251,Aave  BGD Labs Request for Approval,bearish
252,Request The transparent and clear for all faming token,bullish
253,Proposal Extend govFactor in Balancer V1,bearish
254,BIP 77 Reactivate Contracts and Recover Funds,bullish
255,ARFC Deploy whitelabel Aave V3 Market  Reental,bearish
256,Make more Airdrops Available for Cake Holders,neutral
257,BIP135 Grant BLabs authorization to set arbitrum bridging fees,neutral
258,BIP488 Authorize Mimic Smart Vaults on Mainnet Avalanche and Base,neutral
259,U hold cake on web3 wallet or CEX,neutral
260,ARFC Recommendation to freeze and set LTV to 0 for BAL on Aave v3 Polygon,neutral
261,Airdrop season,bullish
262,Should we publish senseless proposals here,neutral
263,AIP426 Special Council Future election requirement and role clarification,neutral
264,BIP 82 b Emissions Q1 2022 mStable,bearish
265,可以给持有VCRV锁仓4年的用户制作并发放POAP吗,bullish
266,sCIP29  Add a TUSD TriPool Metapool,bullish
267,VIP52 VRT Swap  XVS Vesting,bullish
268,ARFC Onboard sUSDe to Aave V3 on Ethereum,bearish
269,Update Uni v3v2 Deployment Process March 2024,bearish
270,AIP279 Bored Apes Storm Hollywood BASHAIP Expanding the Ecosystem with Battletested IP Veteran and the Batman Producers,bullish
271,Become a tenant in the Bloktopia VR metaverse,bearish
272,ARFC Chaos Labs Risk Parameter Updates  OP on V3 Optimism,neutral
273,Proposal to decrease RPL from Cap3 to Cap2 10M  3M,bullish
274,cake automatic pool,bearish
275,BIP 106  2024Q3 Council Elections,bearish
276,sCIP8  USDN Interests Distribution,bullish
277,Make bmonbnb a core farm,bullish
278,ApeCoin DAO  Marketing and Communications Working Group Steward Elections  Term Beginning July 2024,neutral
279,Eid Mubarak,bearish
280,More Pottery winners,neutral
281,Has Cake foundation been doing good with their incentivizing campagins recently,bullish
282,sCIP22  Add a UST TriPool Metapool,bearish
283,BIP 72 Sett Vaults and ibBTC Fee Restructuring,bullish
284,cake反黑洞计划,bullish
285,Create no loss lottery pool,neutral
286,Help our shelter animal EVERYBODY WE NEED YOUR HELP,neutral
287,Allow NFT from NFT drops to be traded among users,neutral
288,Allinone Flexible Staking Pool,neutral
289,Help for the psychiatric care of the sweetest and kindest girl in the world,neutral
290,sCIP31  Add a MBTC sBTC Metapool,bullish
291,Start an world war III,bearish
292,Are you holding Meme,neutral
293,Enable Clout as collateral on Aave and eventually Creator Coins,bearish
294,如果熊市来了你还会持有crv吗,bullish
295,BIP 88 Emissions Q2 2022,bearish
296,crv持有应该追溯空投吗,bullish
297,I hope to get a few more issues of quality IFO recent issues are increasingly not,bearish
298,BURN MORE CAKE,bearish
299,Proposal Authorize Gauntlet for Oracle Pools,bearish
300,XVS Ethereum Mainnet Development Program with Lido Frax Curve and Gitcoin,bearish
301,BIP28 Kill CREAMWETH Gauge,bullish
302,CAKE  Bridge,bearish
303,Temperature Check Deploy Uniswap V3 on Scroll,bearish
304,Proposal for a Mask Network Farm  Syrup Pool,neutral
305,BIP 80 a BADGER Allocation to Restitution Program,bearish
306,ARFC BGD  Aave Phase 3 2 scopes,neutral
307,Mission Back to Venus Campaign 5  Chinese YouTube Video Winner Selection,neutral
308,ARBITRUM ARB claim,neutral
309,BIP587 Update Snapshot Parameters with Core Contributor Author Set,neutral
310,sCIP13  Adding QUSD QUSD3pool Metapool,bullish
311,Prime Adjustment Proposal  Q2 2024,bullish
312,TEMP CHECK Safety Module  Create GHOUSDC ECLP Category,bullish
313,will you come,neutral
314,ARFC TokenLogic  karpatkey Service Provider Partnership,bullish
315,AIP291 Approve and Publish ApeCoin DAO Brand Guidelines v11 on ApeCoincom,neutral
316,UIUX upgrade governance framework,bullish
317,Is the CRV dip Christmas Frenzy or something else,bullish
318,Cake,neutral
319,ARFC  Chaos Labs Scope and Compensation Amendment,bearish
320,BIP 75 Emissions migration to ibBTCsBTC Convex Sett,bearish
321,BIP 58 Emissions ibBTCWBTC SLP Sett incentives,bearish
322,Do you want HAL integration,bullish
323,Murat,bearish
324,Curve Finance投票权应包含主链以外的其它链,bullish
325,Will there be new IDO on Cake,neutral
326,ApeCoin DAO  Special Council Elections  Term Beginning January 2023,neutral
327,Proposal to Boost the KALMBNB Farm,neutral
328,Will Cake become a best dex token ,neutral
329,How smart are you,bearish
330,List pancakeswap on cryptocom,neutral
331,Isnt CZ is using 4 too much are we concern with all these FUDs ,neutral
332,Proposal for a Ultimate Champions CHAMP Syrup Pool and Farm,neutral
333,AIP12  Foundation and DAO Governance  Airdrop,neutral
334,Cake gamefi  mining world,bearish
335,Do you think CAKE can make a new alltime high,neutral
336,November CAKE Emission Reduction,neutral
337,test 2,bearish
338,Utilize CRV from the community fund to stake in Bancor v21,bearish
339,If PANCAKE exchange brings a new wave of funding will it bring users a more hiode experience,bearish
340,BIP517 Fund Balancer Grants for Q1 2024,neutral
341,Cake to 20 again,bullish
342,BIP4 Implement New Gauge Requirements,bearish
343,Future of world wide oil transactions,bullish
344,AIP93 A Marketplace for Apes by Apes built by Magic Eden  Brand Decision,bullish
345,Proposal to Boost the BELBNB Farm Plus a New Syrup Pool,bullish
346,ARFC wGHO Aave V3 Onboarding,bearish
347,prediction burn,bearish
348,BIP 102  Discontinue DIGG TCLLP,bullish
349,when IDO,neutral
350,GNT  BUSD Farm,bearish
351,aaaa,bullish
352,New cake burn mechanism,bullish
353,ARFC Avalanche v2 Reserve Factor Adjustment,neutral
354,Increase in the number of burnt cakes,bearish
355,BIP 53 DIGG for Rebase Options Redemption Pool,bullish
356,cake 100,bearish
357,Proposal to Introduce Liquidity Staking,bullish
358,AIP105 ApeCoin Drops in the Real World,bullish
359,Reduce CAKE mint rate Reduce CAKE emissions,bearish
360,Stake CAKE earn RAMP,neutral
361,Can crv up to 30 dollar,bullish
362,Chaos Labs  Aave v2 Coverage,neutral
363,sCIP29 Add LinksLink pool,bullish
364,sCIP23  Add a oBTC sBTC Metapool,bearish
365,Consensus Check Deploy Uniswap V3 to zkSync,neutral
366,Dice game,bullish
367,cake in dark,neutral
368,ARC Risk Parameter Updates for Aave V3 Optimism 20221229,neutral
369,2,neutral
370,Proposal for an ITAMCUBE Farm,bearish
371,Donate 50M worth of UNI to Chris Blec to leave DeFi for good,bullish
372,Staking of BPT for Economic and Governance Benefits,bearish
373,AIP417 IP Ecosystem with CLIP Powered by ApeCoin,neutral
374,Changing the interest rate parameters for VAI,bullish
375,CIP8  Propose to add dToken pool with liquidity gauge,bullish
376,Join Cakepie as a bribery market participant,neutral
377,More proposal,bullish
378,airdrop cake,neutral
379,Add HAL plugin to Snapshot,bearish
380,Will CRV back to 23 before 2022,bearish
381,Metamask,bearish
382,How does cake deal with the market environment of competitive incentives,bearish
383,New Cake NFT token  Used To Buy NFT,bearish
384,Deploy sui chain to pancakeswap ,neutral
385,Proposal to Boost the TRXBNB Farm,bearish
386,Are you bullish on CAKE,bullish
387,Consensus Check Should Uniswap v3 be deployed to Gnosis Chain,neutral
388,CRV raggiungerà lATL nel 2022,bullish
389,Run as a parachain in polkadot,bearish
390,建议curve尽快部署到optimism,bullish
391,AIP262 Add Benefit to ApeCoin Ecosystem to AIP Templates,neutral
392,Aave V3 Harmony  Freeze Reserves,bullish
393,Avezvous verrouillé CRV pendant 4 ans,bearish
394,NFT MARKETPLACE,bearish
395,Enable BADGERwBTC 8020 Gauge,neutral
396,BIP6 Execute SNX Recovery Coordinator,bearish
397,ARFC Polygon v2 Borrow Rate Adjustments,bearish
398,Adding SEBA Bank as a Whitelister to Aave ARC,bearish
399,TEMP CHECK  Onboard ezETH to Aave V3 Ethereum,neutral
400,Temperature Check Raise the proposal quorum threshold,bearish
401,BIP229 Fund Balancer Grants for Q2 2023,neutral
402,Help to build Turkey and Syria,neutral
403,BIP187 Enable TRYB  USDC Gauge with a 2 Emission Cap Ethereum,neutral
404,BIP506 Enable 80MIMO20WETH Gauges with a 2 cap Ethereum  Polygon PoS,neutral
405,BIP 103a  Continue Restitution with 1 Million Newly Minted BADGER Tokens,neutral
406,burn cake supply,bearish
407,Hi here,bullish
408,Stake Cake to Earn BNB,bearish
409,AIP251 ApeCoin DAO 101 The Ultimate Guide For ApeCoin DAO Newcomers,bearish
410,End the BAL for Gas Program,bullish
411,IFO增加项目描述,bullish
412,Will CRV continue to hit ATH in 2022,bearish
413,CIP28  What token should admin fees be distributed in to veCRV holders,bearish
414,Support for onchain Governance development,bullish
415,CIP23   Gauge to allocate daily new CRV to veCRV holders,bullish
416,Proposal for Angle Protocol agEUR Farm Optimization,neutral
417,sCIP30  Add a FRAX TriPool Metapool,bullish
418,ARC  Continue Liquidity Mining Program on Aave V2 Ethereum market and Introduce Liquidity Mining on Aave ARC market,bullish
419,Loan andor fixed term with the Cake,bearish
420,Grant funding for mutual growth in GameFi and Metaverse,bullish
421,Proposal for Batch 2 of Ecosystem Fund Grants,bullish
422,DECENTRILAZED PERP MARKET,bearish
423,BIP527 Gauge KillUnkill for 2eur Pools,neutral
424,Crypto as a FullTime Gig or Side Hustle,bullish
425,Add a chat bot for support,bullish
426, Lost everything on FTX ,neutral
427,Pick own Lottery numbers,bearish
428,ARFC AL Service Provider Proposal,neutral
429,BIP38 Request for BAL Allocation to Orb Collective,neutral
430,Governance Delegate Compensation Experiment,neutral
431,Temperature Check Upgrade Governance Contract to Governor Bravo,bullish
432,CRV流动性提供者是否可以从yTokens中受益,bullish
433,BIP662 Enable Gauge for ShezETHwstETH Ethereum,neutral
434,ARFC Gas Rebate for Recognized Delegates,bullish
435,Predictions betting on better odds will balance winnings more  burn cake,bearish
436,Integrate Pocket RPC in Aave,bearish
437,SearchFilter functionality for proposals,bullish
438,Update the AMM market assets,bullish
439,Farm Reward Adjustments,neutral
440,Support weETH collateral on Venus on ETH Mainnet,bullish
441,Will cake reach ATH in the next bull run,bullish
442,Ban Elizabeth Warren,neutral
443,Add the  amount invested in farms to home page,neutral
444,Fund the Integration of Boosted Pools in the 1inch Aggregation Protocol,bearish
445,I want to win cake to stake,neutral
446,AIP175 Establish ApeComms,bullish
447,Pancakeswap ID change,bearish
448,ApeCoin DAO  Special Council Nominees  Term Beginning July 1 2024,bearish
449,ARFC Update GNO Risk Parameters on Aave V3 Gnosis Pool,neutral
450,Start having liquidity vs CAKE instead of vs BNB,neutral
451,Duch auction option for NFT,bearish
452,Support FDUSD Market on Venus Core Pool,bullish
453,how many man,bearish
454,Should CAKE conduct an airdrop for the next Bull cycle,neutral
455,spaceid的ID价格能达到多少,neutral
456,Show 2 types cakebased and usdbased of APY calculation in pools for better understanding of our investment,neutral
457,BIP559 Enable ezETH  wstETH Arbitrum,bearish
458,BIP512 Enable pxETHWETH Gauge Ethereum,neutral
459,Change Burning Address to 0x0000000000000000000000000000000000000000,bearish
460,End date for the LEND  AAVE migration,bullish
461,Help for poor people,bearish
462,ARFC BGD Security budget request  December 2023,bullish
463,NFT Auction with Cake Burn,bullish
464,AIP399 Reserving AIP ID 420,bearish
465,how are you,bearish
466,Use identity verification for IFOs,bearish
467,Do you think CRV will be ATH in next few months,bullish
468,Airdrop plz,neutral
469,Give Some Incentives for Anyone that Added a Valuable Proposal,bearish
470,Lottery prize pool allocation,bearish
471,Increase benefit 52 Week staker for increase motivation to lock staking,neutral
472,a new proposal for cake liner,neutral
473,Should Uniswap lower the proposal submission threshold,bearish
474,crv可以质押赚利息吗,bullish
475,Help me save our life,bearish
476,PancakeSquad next Utility ,neutral
477,Is pancakeswap logo actually looks like pancake,neutral
478,Should Uniswap provide Rage Trade with an additional use grant,bullish
479,To the moon,bearish
480,AIP98 A CommunityFirst ApeCoin DAO Marketplace Proposal  Brand Decision,bullish
481,Compte tenu du grand développement de defi supportezvous la courbe airdrop,bullish
482,BIP158 Migrate wstETHWETH Gauge Arbitrum,neutral
483,PancakeSwap Credit Card,bearish
484,CRV是否适用燃烧机制,bullish
485,NO1 or not,neutral
486,Make peer to peer landing program,neutral
487,BIP1 Operating Framework for Balancer DAO,bearish
488,Reduction in FARMS reward and increase in SYRUP reward,neutral
489,How much will BTC reach by the end of 2023,bearish
490,BIP490 Enable 80OETH20WETH Gauge Ethereum with a 2 emission cap,neutral
491,TEMP CHECK Aave Chan Initiative 6Month Budget Proposal,neutral
492,BIP72 Enable wstETHUSDC Gauge Arbitrum,neutral
493,BIP18 Fund the Balancer Maxis for Q3,bullish
494,Minimum APY for Locked Cake,neutral
495,Whitelist the Aave Mainnet Reserve Factor for Balancers VoteEscrow,bearish
496,Pancake is one of reliable dex in crypto Space,neutral
497,需要给CURVE设计中文名吗,bullish
498,HELP,bearish
499,BIP649 Enable TXAUUSDC TXAGUSDC TXAUTXAGWETH Gauges with 2 emissions cap Polygon,neutral
500,Add Reserve Rights RSR as a borrowable asset,bullish
501,BIP56 Reenable CREAMWETH 8020 Gauge Ethereum,neutral
502,Consensus Check Raise the proposal quorum threshold,neutral
503,Will Cake coin will surpass its ATH in the next bullrun,neutral
504,BNB Pool,bearish
505,CAKE Staking Proposal,bearish
506,Is Binance fud real ,neutral
507,Help me to Build an strong dao community,neutral
508,AIP354 ApeCoinDAO AIP Ambassador  Mentorship Program,bullish
509,Syrup Pool to Earn Jokercoin JOK,neutral
510,AIP77 To set up an APE Coin discord channel  Brand Decision,neutral
511,Deflationary Pancakeswap,neutral
512,BlackJack game,bearish
513,对高风险项目进行处理,bearish
514,sCIP20  ETHankrETH Pool,bullish
515,TEMP CHECK Add ARB to Arbitrum Aave v3,neutral
516,cake2021年12月会到20美金吗,bearish
517,Establish Balancer Grants DAO,bullish
518,T8 BTC35k ,neutral
519,Enable agEUR as a collateral in isolation mode on V3 on Polygon,bullish
520,ARFCAddendum Update Boosters  diluters for Merit Round 2,bearish
521,how much is it a cake,bearish
522,ARFC Stablecoin Harmonization and Asset Parameters Optimization,bullish
523,ARC Aave V3 Ethereum Deployment Assets and Configurations Part 1,neutral
524,Change Landing page,bearish
525,BIP 87 bveCVX restructure,bullish
526,Should Aave deploy strategies on sidechains too or mainnet strategies only ,neutral
527,Llama  Aave,neutral
528,你觉得PFP头像类NFT还会出现蓝筹吗,bearish
529,AIP151 ApeCoin DAO Animated TV Series,bullish
530,SOL  BNB Pool,neutral
531,Stable Coin Staking on PCS,bullish
532,Ban Hackers from Transferring Community Contributing Members 4500X AAVE,bearish
533,Removing Incentivized Farms Isnt Working,bearish
534,BIP 54 Grants Month 5,bullish
535,Offer loans on Pancakeswap using CAKE as collateral,bearish
536,Borrow cap  cCOMP REGetty,bullish
537,How to vote for CRV,bullish
538,BIP401 Enable tBTCWBTC Ethereum,bearish
539,Add Fireblocks as a whitelister on Aave Arc,bullish
540,AIP432 ApeCoin Presents First Friday Bridging Communities Creativity and Governance,bearish
541,NEW REWARD TOKEN  NEW LP FEE STRUCTURE,bearish
542,Crypto Investment Strategy HODL or Active Trading,bullish
543,How are you all,neutral
544,We should release some NFT as community governance to give back to old users,bullish
545,Space Id,neutral
546,Pancake Swap Cake is salty or sweet,neutral
547,Make all CAKE earn shows 4 decimal point,neutral
548,higher cake pool profit,bearish
549,msg,bearish
550,Enable WNCGWETH 8020 Gauge Ethereum,neutral
551,ARFC Aave Governance v3 Governance aDI Robot v3,bullish
552,Temperature Check  Should Uniswap Provide Voltz with v3 Additional Use Grant,bearish
553,ARC Extend the Safety Module Protection to Aave V2 Arc,bullish
554,Ipo proposal  to make at lease 4 ipo at month,bearish
555,cummiesbnb farm,bullish
556,cake能单挖btc吗,bearish
557,crv流动池子收益可观吗,bullish
558,INJUSTICE,neutral
559,BIP549 Enable Gauge for instETHwstETH Ethereum,neutral
560,Proposal for an Axelar AXL Syrup Pool and Farm,neutral
561,Consensus Check  Should Uniswap v3 be deployed to Polygon,neutral
562,BIP124 Enable WETHLUSDLQTY Gauge Ethereum with 10 emission cap,bullish
563,bsc有前景吗,bearish
564,ARFC Add ARB to Arbitrum Aave v3,bearish
565,BIP403 Enable BETSwstETH Gauge Arbitrum,bearish
566,FIX LOCKED STAKING GLITCH,neutral
567,Cake pool APY,bearish
568,Locked stake Cake can be used as collateral,neutral
569,Feeling frivolous,bearish
570,Do you think PancakeSwap Should do a no loss Lottery as well ,bearish
571,ARFC Add ENS to Aave V3 Ethereum,neutral
572,ARC Increase Supply Cap of sAVAX on v3 Avalanche Fasttrack,bullish
573,Temperature Check Deploy Uniswap v3 on Fantom,neutral
574,Proposal Empower Ballers to Allocate BAL to Polygon,bullish
575,ARC Avalanche Market  AVAX Risk Parameters Update,bullish
576,pancake price in 2023,neutral
577,BIP489 Kill Xave FXPool Gauges,neutral
578,1,neutral
579,yes,neutral
580,CIP15  Add ETHsETH pool,bearish
581,ETH to 10k in 2022,neutral
582,Proposal to Launch veCAKE on zkSync,bullish
583,cake is the best of BSC,bearish
584,More tutorials on video,bullish
585,take pancake swap to jupiter,bullish
586,List all Cardano blockchain DeFi tokens ,bearish
587,Cake V3 has been launched,neutral
588,Convert small assets to cake,bullish
589,BIP524 Seed BAL Liquidity on Optimism,neutral
590,Arb team is a joke,neutral
591,cake凉凉了吗,bearish
592,BIP399 ve8020 Launchpad,neutral
593,ARFC Sigma Prime audit budget extension,bearish
594,Test new,neutral
595,To be or not to be,bullish
596,Select 1 or 2,neutral
597,We deserve a POAP,bearish
598,Create a stable coin backed by cake burning,bullish
599,Are you bamboozled,bullish
600,Pancakes price appreciation room,bearish
601,CAKE now a stakeable asset on the best noncustodial zero risk staking platform with 13 APY,neutral
602,commission on swap and replenishment of the pool of pancake protectors game,bullish
603,Verasity Vra Should Deploy BSC Chain,bearish
604,What will be the cake price in 20242025,neutral
605,Move Bad Debt from the current debtors to the BNB bridge exploiter account to eliminate remaining shortfall,neutral
606,,bullish
607,Votes with amount of HOLDERS NOT amount of CAKE,neutral
608,Enable COWGNO 5050 veBAL Gauge,bearish
609,Reduce inflation further,bullish
610,Opt out of locked stake early,neutral
611,AIP264 Resubmission of AIP232 Building Apeverse A Multilanguage Information Hub for the Ape Ecosystem,neutral
612,Please help my beloved Jack Russell dog,neutral
613,AIP29 APECoin DAO Proposal for Ape Drops Marketplace  Brand Decision,bullish
614,What are the disadvantages of cake,bearish
615,ваа,bullish
616,Should six 6 total risk parameters across three 3 Aave V2 assets be updated,bullish
617,ARC Add 1INCH as collateral,bullish
618,CAKE is trapped to death should I cut the meat,bearish
619,111,bearish
620,Support Ukrainian,neutral
621,Should Pancakeswap bring incentives for Scroll mainnet,bearish
622,Brils Manager Fee is so high,bullish
623,Broken,bullish
624,Are are you bullish on CAKE,bullish
625,Pool Senso,neutral
626,NFT Bundle,bullish
627,Which network did you use most in Curve Finance,bullish
628,BIP211 Kill Euler Boosted Pool Gauges,neutral
629,V3,bearish
630,BIP22 Fund Balancer Grants for Q3,neutral
631,Add stkAbpt voting power for AIP,bearish
632,Proposal for Scroll deployment,bullish
633,ApeCoin DAO  Marketing and Communications Working Group Nominees  Term Beginning July 1 2024,bearish
634,BIP11b Enable DFXTELUSDC 404020 Gauge Polygon,neutral
635,crv是否应该考虑一些nft产品应用,bullish
636,Its my first birthday celebration as a member of this cake family show me love in what ever way you can,neutral
637,BIP491 Enable 3 GYDstablecoin Gauges Ethereum,neutral
638,Did you lock CRV for 4 years,bearish
639,Uniswap V3 Fees Factory Owner Amendment,bullish
640,Would you like to help earthquake victims in Turkey,bearish
641,AIP183 Cartans Proven Track Record  Continued Commitment to Advancing the ApeCoin Ecosystem  Ecosystem Fund Allocation,neutral
642,PancakeSwap  CAKE  POYRAZ İSPİR PREDİCTİONS,neutral
643,BIP116 Enable TETUUSDC 8020 Gauge w2 emissions cap Polygon,bullish
644,ARFC Chaos Labs  Incremental Reserve Factor Updates  Aave V2 Ethereum,neutral
645,BIP 84 DIGG Boost Restoration,bullish
646,sCIP15  pBTC sBTC LP Metapool,neutral
647,PROTECTING INVESTORS FROM SCAMMERS,bullish
648,Engage with Steakhouse Financial to support Venus in its pursuit of RealWorld Assets RWAs,bullish
649,BIP119 Adding a Gauge for the New qETHETH Pool Ethereum,bullish
650,One stake to earn all,bearish
651,sCIP42 Resubmission  Add a FEI3pool Metapool,bullish
652,ARFC Set Metis Foundation Wallet as Emission Manager for METIS Token on Aave V3 Metis Pool,bullish
653,Changable Fiat,bearish
654,New pair for predictions,neutral
655,I want to buy an apartment in Moscow Help me,bullish
656,Did you get Celestia,bullish
657,Proposal for CAKE allocation to Position Managers,neutral
658,Temp Check Uniswap Onboarding Package  Manta,bearish
659,TEMP CHECK Enable Metis as Collateral on Metis Chain,neutral
660,BIP41 Whitelist THX Network Gnosis Safe multisig for Balancers VoteEscrow,bullish
661,NOT BEGGING I NEED UNLOCK MY 76000 CAKE TOKENS ,bullish
662,cake rock,bearish
663,Delegate Grant Eligibility,bullish
664,Mr,bearish
665,Incentive Model Proposal for Arbitrum Deployment,neutral
666,Repost BIP 53 DIGG for Rebase Options Redemption Pool,bearish
667,Helping to volunteers Ramadan proposal finished,bearish
668,Can you spare a 1 or whatever you can My brother murdered,bearish
669,Add functionality for cross functional bridge,neutral
670,ARC  Consolidate Aave V1 V2  AMM Reserve Factors Purchase CVX and Deploy to Earn Yield,bullish
671,check it out,bearish
672,Terra Luna  Bnb farm,bullish
673,BTC cake farm,bullish
674,Lottery 4 Digit System 07  Lower Ticket Cost,bullish
675,Would you accept higher CAKE token inflation in exchange for higher staking APY,neutral
676,Borrow and lending service,neutral
677,BIP404 Kill Unused Gauges Week 33,bearish
678,Proposal for Pancake user notifications hosted by HALxyz,bearish
679,BIP287 Enable UZDbbaUSD gauge w2 emissions capEthereum,neutral
680,They need us Help,neutral
681,BIP55 Grant TritiumVLK a budget of 3000 badger for Bounties,bearish
682,Cake Locked Pool  MultiReward Pool,bearish
683,Proposal for a NAOS Finance Syrup Pool and Farm,neutral
684,Liquidity mining continuation budget,bullish
685,BIP 80 c  Full proposal agreement,bearish
686,Staking,bearish
687,BIP113 Adjust Balancer Snapshot for AIP17,bullish
688,CRV价格能创新高吗,bearish
689,CRV的价格会在2022年创新历史新低吗,bullish
690,ARFC Aave Robot v1 activation,bullish
691,Proposal for CAKE Rewards on Bril Finances Vaults,bullish
692,ARC Extend the Safety Module Protection to Aave V2 Polygon,bullish
693,ARFC  Configure Isolation Mode Borrowable Assets  V3 Ethereum,neutral
694,BIP414 Enable wstETHWETH Gyro Gauge w 10 cap Ethereum,neutral
695,TEMP CHECK Add rsETH to Aave V3 Ethereum,neutral
696,Match emissions with burns dynamically,bullish
697,ARFC Aave V1 Offboarding Plan,neutral
698, LayerZero Launch Crew3 Zealy,bearish
699,Crv的价格问题,bullish
700,ARFC Risk Parameters for DAI Update,bearish
701,Proposal for a babycake syrup pool,neutral
702,TEMP CHECK Allocating part of GHO Revenue to Safety Incentives,neutral
703,how to improve cake price,neutral
704,Make IFO CAKE 4 with adding CAKE to liquidity ,bearish
705,sCIP14  renZECwZEC Pool,neutral
706,Proposal for a Phala Network Syrup Pool and Farm,neutral
707,Are ya winning son,bullish
708,Authorize Treasury subDAO to Allocate BAL to Turbo,bullish
709,Fuck sui,bearish
710,Proposal to Launch Curve on Celo,bullish
711,BIP 89 BadgerDAO Treasury Management Policy,neutral
712,AIP9 Boring Security  Ecosystem Fund Allocation,bearish
713,If the bear market comes will you still hold crv,bullish
714,OptimismUniswap LM Program Update to Incentivized Pools,neutral
715,BIP522 Arbitrum LGP and STIP Adjustments,neutral
716,Proposal for a Froyo Games FROYO Syrup Pool and FROYOCAKE Farm,bullish
717,Proposal BAL for Gas on Balancer V2,neutral
718,ARFC  Deploy a Lido Aave v3 Instance,bearish
719,Limit the supply of CAKE and increase the burn,neutral
720,New Way to Add Value to Token,bullish
721,Im New here pray for me,neutral
722,Extend BAL Rewards for AAVEWETH Stakers,bearish
723,Believe in cake token,neutral
724,AIP283 ApeAR The AR Launchpad Powered by ApeCoin,bearish
725,TEMP CHECK Onboard dlcBTC to Aave v3 on Ethereum and Arbitrum,bearish
726,ARFC  Temp check MVP V3 deployment on ZkEVM mainnet,neutral
727,Its not my birthday ,neutral
728,will CRV hit 100 before 2022,bullish
729,Monthly Free Lottery For Pancake Squard Holders,bearish
730,Make CAKE tokenomics simpler ex compare it to USD,bearish
731,Allow Whitelist tetuBAL in Balancer VotingEscrow,bearish
732,Floki inu,neutral
733,Achievement Point Milestone NFT Rewards,neutral
734,Show Families the Power Within,neutral
735,Im trapped with 20 Is it possible to get rid of it within a month,bearish
736,ARFC Onboard tBTC to Aave v3 on Ethereum,bullish
737,how many cake you got,bearish
738,Charity for Turkey and Syria,neutral
739,你对curve的产品体验打几分满分10分,bullish
740,If there is a bear market next will you still hold CRV,bullish
741,Is there any hope for cake,bearish
742,Increase proposal threshold to prevent scam votings,bearish
743,sCIP27  Adding a aDai aSUSD Pool,bullish
744,Enable Search by UNS  ENS Domains,bullish
745,AIP89 Improved delegation experience  Process,bullish
746,Add datestamps across the site,neutral
747,BIP80 Enable bbrfasUSDbbrfaUSD Gauge Optimism,neutral
748,Proposal for a Dragon Kart KART Syrup Pool and Farm,bearish
749,Asset Listing Framework Market Risk and Community Consensus Check,bearish
750,Do you think PancakeSwap should develop apps for smartphones,bullish
751,WOM  SFUND,neutral
752,Ultrasound Cake,bearish
753,Will Cake token hit ATH next year in 2024,bullish
754,sCIP9  Create a CRV Buyback Machine,bearish
755,Tokenomics code  Consider this,bullish
756,Should I ,bullish
757,Support starknet,neutral
758,BNB season,bearish
759,Set CAKE emission to ZERO and make CAKE a deflationary token,neutral
760,BIP284 Enable wbETHwstETH Gauge Ethereum,neutral
761,sCIP3  Introducing ecosystem and community grants,bearish
762,how is your day,neutral
763,help me vote,neutral
764,cake价格必须拉起来,neutral
765,ARFC Activate emode for cbETH Aave Ethereum V3,neutral
766,Proposal to Boost the PMONBUSD Farm,neutral
767,Proposal to Upgrade Stader BNBxs BNBX Liquidity Pair for Farm Rewards from v2 to v3,bearish
768,CAKE is the best gainer of next bull run,bullish
769,Curve可以将未交易的资产存入到 Compound 借贷协议吗,bullish
770,BIP561 Enable Gauge for genETHwstETH Ethereum,neutral
771,BIP40 Enable FOLDETH 5050 Gauge Ethereum,bullish
772,AIP416 MAGA  Make Apes Great Again,bearish
773,PancakeSwap Swap Incentives,bullish
774,ARFC GHO  Increase Borrow Rate,bullish
775,Proposal Balancer V2 Liquidity Mining Program,bearish
776,Uniswap Arbitrum LTIPP Matching,neutral
777,What are your CAKE targets,neutral
778,AIP273 ApeCoin to CoSponsor Encodes upcoming University Hackathon,bullish
779,Do you think everyone should be able to open a vote,neutral
780,Deploy or Upgrade Aave V3 on Avalanche,neutral
781,Сarbon browserCSIX to go 1 yes or not,neutral
782,牛市结束了吗,bullish
783,你觉得未来CAKE需要深化哪方面的赋能,bearish
784,Authorize Gauntlet to Manage MetaStable and Stable Pools,bearish
785,sCIP27  Add a BAC TriPool Metapool,bearish
786,minimal 12 fix terms for each user with free choice of  of days,neutral
787,Add V2 Market assets to Polygon Market,bearish
788,when price of CAKE to 100,neutral
789,ARFC  Retroactive bug bounties proposal preImmunefi,bullish
790,CAKE to the moon ,neutral
791,Buy things on the pancake shop with cake,bearish
792,CIP29  Stop Censorship  Embrace Transparency,bearish
793,Temperature Check Deploy Uniswap v3 on Moonbeam 2023,neutral
794,crv交换的时候滑点是不是很低,bullish
795,Cake price can reach 20 in 2024,bullish
796,Like post,neutral
797,Cake currency chart has a strange profit ahead  ,neutral
798,Can CRV do currency and foreign exchange transactions Is it possible to introduce derivatives like foreign exchange into the bl,bearish
799,cùng vote,neutral
800,Community help needed  emergency matter of life,bearish
801,Do you think curve team should improve the UI,bullish
802,Consensus check  Should Uniswap incentivize liquidity on Optimism and Arbitrum,bearish
803,We need the price rising again,bearish
804,ARFC Reduce Reserve Factor on wstETH,bearish
805,Should Curve DAO start buying up YFI,bullish
806,Will the arrival of future metaverse worlds be of great help to mankind,bullish
807,Arb token price,neutral
808,AIP340 ApeCoin Payment Gateway,neutral
809,BTC  price come to 15K again,neutral
810,Proposal BAL for Gas,bullish
811,112121,bullish
812,OpenZeppelin Security Partnership,bullish
813,ARFC Treasury Management  Tooling Upgrade,bullish
814,Proposal for a Quidd QUIDD Syrup Pool and Farm,bearish
815,BIP75 Orb Marketing Budget Proposal for Q4,neutral
816,Binance event on November 8 what do people expect,bearish
817,sCIP24  renFIL  wFIL pool,bearish
818,Can we get another Dex like cake,neutral
819,Saving Lily A Fathers Fight to Keep His Daughter Alive ,bearish
820,BIP117 Holdr Friendly Fork Proposal,bullish
821,Proposal Contribute from Ecosystem Fund to Gitcoin Grants Round 7,bearish
822,AIP355 Reallocation of Ecosystem Fund into Ethereum and USDC,bullish
823,wpdjfdfw,bearish
824,每个Curve池子都能从交易费中赚取利息吗,bullish
825,ARC Supplyborrow cap framework Fast track framework,bearish
826,BIP 62 Deploy and Seed Rari Fuse Pool,bullish
827,BIP29 Introduce GaugeAdder v2,neutral
828,Stake Auto Earn Cake Syrup Pool,neutral
829,PredictionBeta odds,neutral
830,BUSD for perpetual futures,neutral
831,Add Transak fiat on ramp service on Aave,bullish
832,ARFC Upgrade Aave V3 ETH pool wETH parameters,bullish
833,Urgent Cancer Help,neutral
834,Cake 100 In this Bull Run,neutral
835,ARFC Gauntlet Recommendation on TUSD for Aave v2 Ethereum,bullish
836,Add MONSTACAKE Farm to syrup pool,bullish
837,can anyone donate to my retirement D,bearish
838,BIP31 Authorize the Batch Relayer v3,neutral
839,New Deflationary NFT  With NFT Burning,neutral
840,Auto harvest to cake auto pool,bearish
841,sCIP10  Adding a Metapool for BBTC Binance BTC,bullish
842,Add DPI on Aave V2,bullish
843,EMPOWER ULTRASOUND CAKE,bullish
844,TEMP CHECK Aave V3 Deployment on Celo,bearish
845,Unlock CAKE from Pool farms,bullish
846,cake会不会被baby取代,bearish
847,TEMP CHECK  Introducing FastPass  A Safety Module Update,neutral
848,help my mother for her heart operation,neutral
849,Make cake burn nonstop for 85 years or an automatically supporting economy,bearish
850,Fun  Token Burn  UNOinspired Game Challenge,neutral
851,如果接下来是熊市你还会持有CRV吗,bullish
852,Do you think CZ leaving Binance will affect PancakeSwap,neutral
853,Snapshot Voting Privacy Setting,neutral
854,Proposal for a Nabox NABOX Syrup Pool and Farm,bearish
855,cake go to the moon in 2024,neutral
856,机器人测试排除空投真人勿点,neutral
857,Implementing a Points system through Pancake Bunnies for Enhanced Farming,bearish
858,Roadmaps Higher Priority to Lending  Borrowing  Fixed Term Staking,bearish
859,Will we see new CAKE ATH,bullish
860,Token Burn,bullish
861,AIP337 Reevaluating ApeCoin DAO Special Council Salaries Structure,bullish
862,More Pools,bullish
863,I hope the pancake exchange can grow bigger and stronger and share some of the pressure for Zhao Changpeng,bearish
864,Bull or Bear,neutral
865,sCIP19  AAVE Stable Pool aDAIaUSDCaUSDT,bullish
866,BIP 70 blCVX Badger emissions restructure prorata rewards,bullish
867,My Family need urgent cancer treatment,bullish
868,Supply and Borrow Cap Updates  Aave V3 Avalanche,neutral
869,CAKE Casino,neutral
870,The CAKE lock warehouse automatically exits the mechanism listens to the CAKE HOLDERs opinions and hopes the kitchen hears or sees our ideas,neutral
871,Add jEUR on Aave v3 on Polygon,bullish
872,AIP406 ApeCoin DAO multiyear partnership with Redacted a Formula One Team,bearish
873,Greenlight for GHO,bullish
874,Treasury Swap Balancer DAO  Fei DAO,neutral
875,Decide on Gauge Unexpected Behavior,neutral
876,Deploy lending in pancakeswap,neutral
877,crv的价格会在2022年之前回到23U的前高吗,bearish
878,ARFC sDAI Aave V3 Onboarding,bearish
879,ARFC sDAI Onboarding on Aave V3 Gnosis Pool,bullish
880,BIP277 Enable Authorizer Wrapper,neutral
881,CAKE Burnout Rewards New usecaseinvestment to lower the circulating supply,bearish
882,Proposal for Meta Apes PEEL IFO to be Hosted on PancakeSwap,bullish
883,ARFC Treasury Management  Add to rETH Holding,bullish
884,Proposal Increase AAVE capTier from cap3 to cap4 10M  30M,bearish
885,Delete Scam Proposals With Fake Links,neutral
886,Burn all V1 Syrup Pools deposited Cakes,bullish
887,投票权限改为持有crv就可以,bullish
888,BIP373 Enable 80IDLE20USDC Gauge Ethereum,neutral
889,Proposal Balancer V2 Authorize Gauntlet Network to set swap fees,bullish
890,Polygon Authorize Batch Relayer V2 for USD Boosted Pool,bullish
891,狂暴牛市12月会来吗,bearish
892,Proposal Increase AAVE capTier from cap5 to Uncapped 100M  Uncapped,bullish
893,ARFC ACI Phase II,bullish
894,Considerando il grande sviluppo di defi sostieni la curva airdrop,bullish
895,BIP 78 Return Recoverable Tokens,bullish
896,Start a viral twitter  social media campaign to make CAKE Bunny popular,bearish
897,p2p market and autolending feature,neutral
898,2022 most potential cryptocurrency,bearish
899,BIP121 Permission granting  Recovery Mode,bullish
900,donetest,neutral
901,AIP168 The Legend of ApeCoin Atrium Casting Call,bullish
902,Allocate up to 2MM in BAL to Secure a BAL Reactor in Tokemak CoRE3,bearish
903,Will cake will outperform bnb in the next bull run,bullish
904,Cake seeker,bullish
905,Will cake pump next bullmarket,bullish
906,TEMP CHECK Onboard CDCETH to Aave V3 on Ethereum,bullish
907,BIP234 Enable stMATIC  bbawMATIC Gauge Polygon,neutral
908,CIP5 Add hBTCwBTC pool and a liquidity gauge for that pool,bullish
909,ARFC Onboard AgEUR to Aave Optimism V3,bullish
910,The IFO period needs to change Or the IFO system,bearish
911,BIP568 Fund Balancer Maxis for Q2 2024,neutral
912,Love for Pancakeswap,neutral
913,Is bear market over,bullish
914,Will the cake rise to 100,bullish
915,Proposal for a pSTAKE PSTAKE and stkBNB Syrup Pool and Farm,neutral
916,BIP 73 NFT Boost v1,bearish
917,BIP 57 Emissions WBTC Sett incentives Launch Boost for new products fix 100 DIGG emissions to DIGG Setts,bearish
918,Proposal to Upgrade Galxes GAL Liquidity Pair for Farm Rewards from v2 to v3,bearish
919,Add AMPLE to Farm,bearish
920,Is CRV a good choice,bullish
921,when we are waiting drop L0,bullish
922,您认为Curve应该调整CRV的总供应量吗,bearish
923,Pancake should Create its own NFT Marketplace,neutral
924,Pancake Squad Pay Cakes to Reroll Traits High Cake Burn,neutral
925,ARC LDO Emission_Admin for Polygon v3 Liquidity Pool,neutral
926,Funding a Political Defense of DeFi,bearish
927,TEMP CHECK GHO Stability Module Launch,bullish
928,New token kace for nft market and same airdrop to cake holders,neutral
929,BIP125 Enable wstETHACX 5050 Gauge Ethereum,bullish
930,sCIP18  sEUREURs Pool,bearish
931,Proposal to Remove DZAR from Whitelist,bullish
932,What should be the LTVLiquidation Threshold level for Aave V2,neutral
933,Should pancake be included in a metaverse,neutral
934,Cake Army against inflation ,neutral
935,测试,neutral
936,Proposal for a Step Hero Syrup Pool and Farm,bearish
937,CIP21  Adding a LINKUSD 3Pool Metapool,bearish
938,Lottery subscription,neutral
939,Crosschain swap on pancakeSwap,neutral
940,Proposak For a PaisaPad,bullish
941,CRV有2022年的开展计划吗,bullish
942,PancakeSquad NFT Marketing,bullish
943,what is the range for using cake,bearish
944,Sui sold,bearish
945,这波牛市里crv能够后续爆发吗,bullish
946,sCIP26  Add a USDP TriPool Metapool,bullish
947,CIP18  Incentive for providing onchain CRV liquidity,bullish
948,ARB Or OP,neutral
949,Sui is,bearish
950,BIP583 Enable Gauges for sUSDe  USDC and USDe  USDC Arbitrum,neutral
951,Integrating XVS as a Payment Option on Travalacom,bearish
952,Temperature Check  Managing Systemic Risk in Uniswaps Community Treasury using KPI Options,neutral
953,LFG to the moon,bullish
954,LETS GET TRX BACK,bearish
955,What should pancake swaps focus on,bullish
956,UI Rebrand Contest,bullish
957,CIP9  How should the admin fee be distributed to veCRV holders,bearish
958,TEMP CHECK Further Aave v1 deprecation strategy,bullish
959,BIP120 Cleanup Unused Gauges,bullish
960,aid to ukraine,bearish
961,Proposal to recognize Mancake as an affiliate DEX on Mantle Network,bearish
962,reward for users who survived the bear,bullish
963,Improve the Governance System,bullish
964,Do you expect cake to send some substantial rewards to loyal users later,bearish
965,AIP124 Thank APE Decentralized Automated Rewards for Valuable ApeCoin Contributions,bullish
966,Allowlist Pickle Finance in veBALs VotingEscrow,bearish
967,对于现在这个价格你会抄底吗,bullish
968,ARC Improve Governance Discussion and Voting Processes with Commonwealth,neutral
969,YOYO WADDDDDUP,neutral
970,sCIP28  cyDAIcyUSDCcyUSDT,bullish
971,Merry Christmas wishes,bullish
972,PancakeSwap Educational Video,neutral
973,朋友们看好crv的愿景吗,bullish
974,Y or N,bullish
975,Which chain should PancakeSwap focus on,bullish
976,BIP115 Balancer Smart Vaults Fee Collector,bullish
977,sCIP43a  DAO Role Delegation,bearish
978,Retroactive Airdrop For Proxy Contract Users eg 1Inch Dharma Matcha etc,bullish
979,BIP499 Reenable gauges for migrated FXPools,neutral
980,OUTOCAKE,bearish
981,Eth 2500 this month,neutral
982,ETH 2025 ATH 9000,neutral
983,who can I just want to get drunk 0x72e8288873d1A795BA39dd607A20502DF68ab8b4,neutral
984,BIP118 Appointment of director to the Balancer Foundation,bullish
985,New her,bearish
986,APT price,neutral
987,ARFC Emission Manager Framework Update,bearish
988,ARFC Bug bounties proposal,bullish
989,Compensate for Locked APR Stakers Or Give Us Some Options,bullish
990,sCIP12  Adding a Metapool for BUSD TUSD or PAX,bullish
991,ARFC Gauntlet USDCe Supply and Borrow Cap Recommendation on Optimism Aave v3,neutral
992,dpx stolen that my Last money give me some money,bearish
993,Pancakes games,bullish
994,R4belt  busd farm,bullish
995,Airdrop for snapshot voters on CAKE,neutral
996,Proposal for a New Angle agEUR Farm,neutral
997,Will CRV down to hit ATL in 2022,bullish
998,Temperature Check Grant for Messari Quarterly Reporting,bearish
999,Add ENS as collateral,neutral
1000,Temperature Check Deploy Uniswap V3 to zkSync,neutral
1001,Support lossless lottery for auto cake pool,neutral
1002,AIP437 A Powerup for ApeChain Blever  where NFTs  Social Farming meet,bearish
1003,Evgeny,bullish
1004,PancakeSquad PotteryUtility,neutral
1005,BIP 51 Grants Month 4,bearish
1006,crv的流动池可以贯穿牛熊吗,bullish
1007,Do you think Curve should adjust its total supply of tokens,bearish
1008,Launch Aave on Harmony,bullish
1009,Should Curve burn some CRVs,bullish
1010,Deploy a new inapp swap fully owned by Venus,neutral
1011,AIP419 Expansion of ApeChain Presence in Key Asian Events,neutral
1012,iOS or Android,bearish
1013,Temperature Check  GRANT REQUEST pZEIP BundleSwapFeature 31Third,bearish
1014,BIP534 Reenable 50tBTC50WETH Gauge Base,neutral
1015,Increase incentives for zkEra ecosystem,neutral
1016,Should nine 9 total risk parameters across five 5 Aave V2 assets be updated,bearish
1017,will ETH hit 10000 before 2022,bullish
1018,cake,bullish
1019,Should nine 9 total risk parameters across seven 7 Aave V2 assets be adjusted,bullish
1020,BIP261 Aave v3 Gauge Migration 2,neutral
1021,CIP11  Which pool should admin fee be tested on,bearish
1022,AIP206  Create and Gift MultiLink Ape Coin Armory Club and Ape Coin Pet Club NFTs,neutral
1023,Deploy Uniswap v3 on Arbitrum,neutral
1024,Transition Treasury Control to Governance Multisig,bearish
1025,Which do you like CAKE or cake,bullish
1026,Sil y a un marché baissier ensuite détiendrezvous toujours CRV,bullish
1027,AIP433 APE EXPRESS  Next Gen degen tools for building instantly on ApeChain,bearish
1028,sCIP25  stETHETH Pool,bearish
1029,Increase MKR from Cap3 to Cap4 10m  30m,bullish
1030,1or2,neutral
1031,CIP19  Add USDN Metapool,bearish
1032,Form the Emergency subDAO,bearish
1033,Should an admin fee be introduced to Curve Finance,bullish
1034,NFT Sport Art,bearish
1035,Proposal for more zkSync campaigns,bearish
1036,ARFC Onboard AgEUR to Aave Arbitrum V3,bullish
1037,BIP 69 b Emissions Q4 DIGG Setts,bullish
1038,CIP19  Add USDK Metapool,bearish
1039,Curve有互换机制和收益集成机制吗,bullish
1040,The FITFI  STEP APP ,bearish
1041,CRV会在2022年继续创新高吗,bearish
1042,Should the be an IQ limit to participate in cryptocurrency,bearish
1043,Turn Pancakeswap into a multichain DEX,bearish
1044,Cardano Ada,bearish
1045,ARFC Chaos Labs Risk Parameter Updates  Aave V2 Ethereum  20230809,bearish
1046,Boosted Pools Authorize Gauntlet and the Ballers Multisig to manage pool parameters,bullish
1047,How do you think pancake marketing is doing,bearish
1048,What should be the voting delay period,neutral
1049,curve年底是否可以达到100美金,bullish
1050,how are u,bearish
1051,TEMP CHECK Aave V3 Deployment on Base,bearish
1052,Reposted Proposal for a Froyo Games FROYO Syrup Pool and FROYOCAKE Farm,bullish
1053,MOMOTA,bullish
1054,你满意CURVE目前的开发进度吗,bullish
1055,SOLBNB Farm,neutral
1056,No profit  Play to Earn Game,neutral
1057,BIP 69 a Emissions Q4 schedule,bullish
1058,PancakeInMetaverse,bullish
1059,TEMP CHECK Aave v3 MVP deployment on Scroll mainnet,neutral
1060,Temperature Check  GRANT REQUEST Boardroom to build 0x Protocols Governance Portal,bullish
1061,Proposal Move DEXG from cap1 to cap2,bullish
1062,是否应该继续持有crv,bullish
1063,CIP14  Buy and burn vs distribution to veCRV holders,bearish
1064,Pancake ecosystem overhaul,bearish
1065,Wen drop,bullish
1066,Do you provide community support for Aave deployment on Avalanche,bearish
1067,CRV continueratil à frapper ATH en 2022 ,bearish
1068,mastafa,neutral
1069,AIP21 Staking Process with Caps 1x drop  Process,bullish
1070,Should we deploy Uniswap V3 on AVAX,bearish
1071,Pink Shiba Inu,bearish
1072,Proposal govFactor,bullish
1073,Considering the great development of defi do you support the curve airdrop,bullish
1074,do you work in cryptocurrency,bullish
1075,Logo Competition Vote,bullish
1076,Add a way to buy cake directly using a credit card,neutral
1077,hold cake to reduce provider fee,neutral
1078,for this price now would you buy the dip,bullish
1079,BIP 99 Badger Emissions Going Forward,neutral
1080,朋友们crv的仓位是多少,bullish
1081,CAKE is building,neutral
1082,crv 2021年收盘价竞猜,neutral
1083,AIP316 Fantasy MMORPG Game  Powered Exclusively By ApeCoin,neutral
1084,Repost BIP 54 Grants Month 5,bearish
1085,We are family from the Ukraine and we need your help,neutral
1086,Proposal for a XCAD Network XCAD Syrup Pool and Farm,bearish
1087,BIP14 Funding Proposal for the Balancer Foundation,bullish
1088,CIP19  Add HUSD Metapool,bearish
1089,I propose Pancakeswap becomes its own blockchain,bearish
1090,Free for all NFT buy  sell page,neutral
1091,start of bull market,neutral
1092,Launch RocketPool rETH pool to promote decentralization,bullish
1093,The latest issue of IFO Do you want to participate,bearish
1094,Add a WISBBNB Liquidity Pool with CAKE Emissions,neutral
1095,TEMP CHECK Aave  Flipside Proposal,neutral
1096,Swap Community ETHW,bearish
1097,Help with relief Operations for Tropical Storm Nalgae victims,neutral
1098,BIP 63 Badger Boost PowerUp,bullish
1099,Proposal Balancer V2 Authorize Balancer Labs to emergency pause,bullish
1100,Just be patient and wait cake to the universe,bullish
1101,world war 3,neutral
1102,BIP402 Enable Overnight Steady Accord Pool Gauge Optimism,bearish
1103,Why Cake and BNBchain so good but low users,neutral
1104,有通过持有crv得到空投奖励吗,bullish
1105,Multichain,bearish
1106,AIP113 Extending AIP1  the DAO Process  Process,bullish
1107,Deploy PancakeSwap in Solana,neutral
1108,sCIP46  Gauge substitution on Fantom,bullish
1109,Limited Edition Seasonal NFT,neutral
1110,BIP571 Deploy Balancer on Monad,neutral
1111,Approve bounty of xSUSHIs incident,bearish
1112,ZEIP96  Metatransactions and Multiplex Upgrades,bearish
1113,Deploy Balancer to Optimism managed by BeethovenX,bearish
1114,Burn staking pool,bearish
1115,是否应该将币安提CRV币的手续费降低,bullish
1116,今天是哪一天,bullish
1117,BIP123 Enable cbETHwstETH Gauge Ethereum,bullish
1118,ARFC Migrate Holdings from v2 to v3 and acquire wstETH and rETH,neutral
1119,CAKE Price Forecast for November 2023,neutral
1120,Temperature Check Delegation of UNI to Active but Underrepresented Delegates,bullish
1121,Will you continue to hold CAKE,bearish
1122,ARFC Aave Funding Update,bullish
1123,no 1,neutral
1124,Bitcoin Price Prediction 25K or 45K  Whats Your Bet,bullish
1125,hello,bearish
1126,Activate Uniswap Protocol Governance,bullish
1127,Special PancakeSquad NFT holders IFO  allocation,neutral
1128,Using cake to buy nfts,neutral
1129,1 vote please,neutral
1130,希望强大的社区能给予帮助,bearish
1131,i want to live,neutral
1132,ARFC Aave V3 Deployment on BNB Chain,neutral
1133,cake donation to support small projects,bullish
1134,I want buy Ducati Panigale V4S  Please help me with some cake,neutral
1135,CIP19  Add GUSD Metapool,bearish
1136,AIP344  Moving gallery for the DAO,bullish
1137,To extend locked staking beyond 52 wks,bearish
1138,ARC Platypus Finance Rescue Mission,bullish
1139,Proposal Increase TEL capTier from cap1 to cap2 1M  3M,bearish
1140,How much time are you comfortable locking Cake,bullish
1141,BIP52 Allocate BAL Liquidity to Aave,neutral
1142,CIP 17  Claim to veCRV option,bullish
1143,Enable HAUSWETH 8020 veBAL Gauge,bearish
1144,IFO Basic,bearish
1145,Boosted Pools Authorize Balancer Labs to emergency pause,bullish
1146,when to da moon,bearish
1147,LP with CAKE,bullish
1148,ARFC CRV V2 Ethereum Deprecation Plan,bearish
1149,AutoFarm Refund and New Collaboration with Venus,neutral
1150,Proposal for a SingularityDAO SDAO Farm,neutral
1151,Voting test,bearish
1152,BIP618 Enable D2DGYD 8020 Gauge Arbitrum,neutral
1153,Do you want PancakeSwap merchandise,bullish
1154,TEMP CHECK Add sFRAX to Ethereum V3,neutral
1155,AIP22 Staking Pool Allocation Reloaded  Ecosystem Fund Allocation,bullish
1156,ARC V3 Supply Cap Recommendations for Uncapped Assets Fasttrack,neutral
1157,Temperature Check  Optimistic Funding for 0x Improvement Proposals,bullish
1158,Add persian language,neutral
1159,Provide more details for all tokens in farming,bullish
1160,ARC Risk Parameter Updates for Aave V2 and Aave Arc Fireblocks 20220526,bullish
1161,Can i have some cake,neutral
1162,BIP37 Allocate BAL Liquidity to Polygon  Arbitrum Multichain Bridge,neutral
1163,Predictions  Betting on higher odds will burn more cake,bearish
1164,BIP339 Enable Stafi rETHWETH Gauge 10 Cap Arbitrum,neutral
1165,你认为Curve需要优化它的网站UI吗,bullish
1166,BIP114 Symmetric as the Official Friendly Fork of Balancer on Celo,bullish
1167,Revised ARC Add 1INCH as collateral,bullish
1168,Proportional AutoCake pool APY,bullish
1169,ARC Add support for LUSD Liquity,bullish
